merchant_key,merchant_name,public_entity,ticker,exchange,listing_status,financial_data_level,provider_set,provider_count,public_match_audit_status,official_url_candidates,confirmed_bnpl_adoption_date,confirmed_bnpl_provider,confirmed_date_type,confirmed_evidence_strength,confirmed_evidence_source_type,confirmed_evidence_url,confirmed_evidence_quote_or_note,weak_provider_directory_first_observed_date,weak_provider_directory_provider,weak_provider_directory_url,weak_provider_directory_wayback_url,weak_provider_directory_cdx_error,research_notes
amazon,Amazon,"Amazon.com, Inc.",AMZN,NASDAQ,direct_public,merchant_level,afterpay; clearpay; klarna; zip,4,auto_public_match_needs_light_review,https://finance.yahoo.com/quote/AMZN,2021/11/10,affirm,official_general_availability,strong,provider_financial_release,https://investors.affirm.com/news-releases/news-release-details/affirm-reports-fyq1-2022-results/,Affirm reported that Amazon.com and the Amazon shopping app would generally support Affirm for eligible U.S. purchases at checkout.,2021/9/23,zip,https://zip.co/us/store/amazon,https://web.archive.org/web/20210923075340/https://zip.co/us/store/amazon,,"Do not use provider-directory date as formal adoption date unless cross-validated with merchant page, press release, or Wayback official-page evidence. Manual evidence: affirm 2021-08-27 testing_or_planned_rollout [planned_not_final_adoption]: https://investors.affirm.com/news-releases/news-release-details/amazon-partners-with-affirm | affirm 2021-11-10 official_general_availability [strong]: https://investors.affirm.com/news-releases/news-release-details/affirm-reports-fyq1-2022-results/"
apple,Apple,Apple Inc.,AAPL,NASDAQ,direct_public,merchant_level,affirm; afterpay; klarna; zip,4,auto_public_match_needs_light_review,https://www.apple.com/store; https://www.apple.com/in/store; https://finance.yahoo.com/quote/AAPL,,,,,,,,2021/9/21,zip,https://zip.co/us/store/apple,https://web.archive.org/web/20210921224941/https://zip.co/us/store/apple,,"Do not use provider-directory date as formal adoption date unless cross-validated with merchant page, press release, or Wayback official-page evidence. Manual evidence: affirm 2024-09-16 platform_integration_not_merchant_adoption [not_merchant_adoption]: https://investors.affirm.com/news-releases/news-release-details/affirm-live-when-checking-out-online-or-app-apple-pay | affirm 2025-09-15 platform_in_store_expansion_not_merchant_adoption [not_merchant_adoption]: https://investors.affirm.com/news-releases/news-release-details/affirm-live-store-purchases-apple-pay-iphone"
gamestop,GameStop,GameStop Corp.,GME,NYSE,direct_public,merchant_level,affirm; afterpay; klarna; zip,4,auto_public_match_needs_light_review,https://www.gamestop.com/; https://finance.yahoo.com/quote/GME,,,,,,,,2024/5/28,afterpay,https://www.afterpay.com/en-us/stores/gamestop,http://web.archive.org/web/20240528164447/https://www.afterpay.com/en-US/stores/gamestop,,"Do not use provider-directory date as formal adoption date unless cross-validated with merchant page, press release, or Wayback official-page evidence."
jdsports,JDSports,JD Sports Fashion plc,JD.L,London Stock Exchange,direct_public,merchant_level,afterpay; clearpay; klarna; zip,4,confirmed_or_manually_mapped_public,https://www.jdsportsfashion.com/investors/,2024/11/26,affirm,official_partnership_announcement,medium_provider_release,provider_press_release,https://investors.affirm.com/news-releases/news-release-details/jd-sports-partners-affirm-offer-flexible-payment-options-just/,Affirm announced JD Sports and Finish Line partnership for U.S. stores and Affirm app shopping.,2020/8/5,clearpay,https://www.clearpay.co.uk/en-GB/stores/jd-sports-50324,http://web.archive.org/web/20200805021806/https://www.clearpay.co.uk/en-GB/stores/jd-sports-50324,,"Do not use provider-directory date as formal adoption date unless cross-validated with merchant page, press release, or Wayback official-page evidence. Manual evidence: affirm 2024-11-26 official_partnership_announcement [medium_provider_release]: https://investors.affirm.com/news-releases/news-release-details/jd-sports-partners-affirm-offer-flexible-payment-options-just/"
lowes,Lowe's,"Lowe's Companies, Inc.",LOW,NYSE,direct_public,merchant_level,affirm; afterpay; klarna; zip,4,auto_public_match_needs_light_review,https://www.lowes.com/; https://finance.yahoo.com/quote/LOW,2026/2/17,affirm,official_adoption_announcement,strong,provider_press_release,https://investors.affirm.com/news-releases/news-release-details/affirm-and-lowes-team-give-home-improvement-customers-more,Affirm and Lowe's announced Affirm payment plans online and in the Lowe's mobile app.,2023/1/29,zip,https://zip.co/us/store/lowes,http://web.archive.org/web/20230129215652/https://zip.co/us/store/lowes,,"Do not use provider-directory date as formal adoption date unless cross-validated with merchant page, press release, or Wayback official-page evidence. Manual evidence: affirm 2026-02-17 official_adoption_announcement [strong]: https://investors.affirm.com/news-releases/news-release-details/affirm-and-lowes-team-give-home-improvement-customers-more"
nike,Nike,"NIKE, Inc.",NKE,NYSE,direct_public,merchant_level,affirm; afterpay; klarna; zip,4,auto_public_match_needs_light_review,https://www.nike.com/w/gifts-3b0uf; https://finance.yahoo.com/quote/NKE,,,,,,,,2021/9/23,zip,https://zip.co/us/store/nike,https://web.archive.org/web/20210923080102/https://zip.co/us/store/nike,,"Do not use provider-directory date as formal adoption date unless cross-validated with merchant page, press release, or Wayback official-page evidence."
adidas,adidas,adidas AG,ADS.DE,XETRA,direct_public,merchant_level,affirm; afterpay; klarna; zip,4,auto_public_match_needs_light_review,https://www.adidas.com/us/; https://finance.yahoo.com/quote/ADS.DE,2021/6/6,afterpay_klarna,first_observed_official_page,strong_wayback_official_page,wayback_official_payment_page,http://web.archive.org/web/20210606023452/https://www.adidas.com/us/help/us-payments/afterpay-frequently-asked-questions,Wayback snapshot of adidas official Afterpay FAQ shows Afterpay/Klarna installment checkout language.,2021/9/23,zip,https://zip.co/us/store/adidas,http://web.archive.org/web/20210923093757/https://zip.co/us/store/adidas,,"Do not use provider-directory date as formal adoption date unless cross-validated with merchant page, press release, or Wayback official-page evidence. Manual evidence: afterpay_klarna 2021-06-06 first_observed_official_page [strong_wayback_official_page]: http://web.archive.org/web/20210606023452/https://www.adidas.com/us/help/us-payments/afterpay-frequently-asked-questions"
anthropologie,anthropologie,"Urban Outfitters, Inc.",URBN,NASDAQ,subsidiary_of_public,parent_level,affirm; afterpay; clearpay; zip,4,confirmed_or_manually_mapped_public,https://www.anthropologie.com/; https://www.urbn.com/investor-relations,2022/5/17,klarna,us_expansion_report,medium_news_report,news_report,https://www.pymnts.com/bnpl/2022/klarna-expands-urban-outfitters-anthropologie-partnership-to-us/,PYMNTS reported Klarna expanded Pay in 4 online to Urban Outfitters and Anthropologie banners in the U.S.,2020/9/22,clearpay,https://www.clearpay.co.uk/en-GB/stores/anthropologie,http://web.archive.org/web/20200922235049/https://www.clearpay.co.uk/en-GB/stores/anthropologie,,"Do not use provider-directory date as formal adoption date unless cross-validated with merchant page, press release, or Wayback official-page evidence. Manual evidence: klarna 2020-11-18 official_europe_online_checkout_adoption [strong_non_us]: https://www.klarna.com/international/press/urban-outfitters-and-anthropologie-partners-with-klarna-ahead-of-peak/ | klarna 2022-05-17 us_expansion_report [medium_news_report]: https://www.pymnts.com/bnpl/2022/klarna-expands-urban-outfitters-anthropologie-partnership-to-us/"
lululemon,lululemon,lululemon athletica inc.,LULU,NASDAQ,direct_public,merchant_level,affirm; afterpay; klarna; zip,4,confirmed_or_manually_mapped_public,https://shop.lululemon.com/story/holiday-gift-guide; https://corporate.lululemon.com/investors,2021/2/3,afterpay_klarna,first_observed_official_page,strong_wayback_official_page,wayback_official_payment_page,https://web.archive.org/web/20210203183126/https://shop.lululemon.com/story/installment-payments-buy-now-pay-later,Wayback snapshot of lululemon official Buy Now Pay Later page shows Afterpay and Klarna payment-plan language.,2021/9/23,zip,https://zip.co/us/store/lululemon,http://web.archive.org/web/20210923081630/https://zip.co/us/store/lululemon,,"Do not use provider-directory date as formal adoption date unless cross-validated with merchant page, press release, or Wayback official-page evidence. Manual evidence: afterpay_klarna 2021-02-03 first_observed_official_page [strong_wayback_official_page]: https://web.archive.org/web/20210203183126/https://shop.lululemon.com/story/installment-payments-buy-now-pay-later"
rayban,rayban,EssilorLuxottica SA,EL.PA,Euronext Paris,subsidiary_of_public,parent_level,affirm; afterpay; klarna; zip,4,confirmed_or_manually_mapped_public,https://www.ray-ban.com/usa/sunglasses/view-all; https://www.essilorluxottica.com/investors/,2019/6/11,afterpay,reported_afterpay_partnership,medium_news_report,news_report,https://www.retaildive.com/news/afterpay-brings-payment-installments-to-levis-ray-ban/556464/,Retail Dive reported Afterpay brought installment payments to Levi's and Ray-Ban.,2025/2/20,klarna,https://www.klarna.com/us/store/9f6596d0-2abb-4d4e-aece-3835421d4c7f/ray-ban/pay-with-klarna/,http://web.archive.org/web/20250220013422/https://www.klarna.com/us/store/9f6596d0-2abb-4d4e-aece-3835421d4c7f/Ray-Ban/pay-with-klarna/,,"Do not use provider-directory date as formal adoption date unless cross-validated with merchant page, press release, or Wayback official-page evidence. Manual evidence: afterpay 2019-06-11 reported_afterpay_partnership [medium_news_report]: https://www.retaildive.com/news/afterpay-brings-payment-installments-to-levis-ray-ban/556464/"
sephora,sephora,LVMH Moet Hennessy Louis Vuitton SE,MC.PA,Euronext Paris,subsidiary_of_public,parent_level,affirm; afterpay; klarna; zip,4,confirmed_or_manually_mapped_public,https://www.sephora.com/; https://www.lvmh.com/investors,2020/5/7,klarna,official_online_checkout_adoption,strong,provider_press_release,https://www.klarna.com/international/press/klarna-partners-with-sephora-for-a-more-flexible-shopping-experience/,Klarna announced Sephora website customers could use Klarna installments.,2021/9/23,zip,https://zip.co/us/store/sephora,http://web.archive.org/web/20210923080151/https://zip.co/us/store/sephora,,"Do not use provider-directory date as formal adoption date unless cross-validated with merchant page, press release, or Wayback official-page evidence. Manual evidence: klarna 2020-05-07 official_online_checkout_adoption [strong]: https://www.klarna.com/international/press/klarna-partners-with-sephora-for-a-more-flexible-shopping-experience/"
americaneagle,AmericanEagle,"American Eagle Outfitters, Inc.",AEO,NYSE,direct_public,merchant_level,affirm; afterpay; zip,3,confirmed_or_manually_mapped_public,https://www.ae.com/us/en; https://investors.aeo-inc.com/,2020/5/31,afterpay,first_observed_official_page,strong_wayback_official_page,wayback_official_payment_page,https://web.archive.org/web/20200531070415/https://www.ae.com/us/en/content/help/payment-options,Wayback snapshot of American Eagle official payment-options page shows Afterpay FAQ and shop-now-pay-later installment language.,2021/5/14,afterpay,https://www.afterpay.com/en-us/stores/american-eagle,http://web.archive.org/web/20210514195333/https://www.afterpay.com/en-US/stores/american-eagle,,"Do not use provider-directory date as formal adoption date unless cross-validated with merchant page, press release, or Wayback official-page evidence. Manual evidence: afterpay 2020-05-31 first_observed_official_page [strong_wayback_official_page]: https://web.archive.org/web/20200531070415/https://www.ae.com/us/en/content/help/payment-options"
expedia,Expedia,"Expedia Group, Inc.",EXPE,NASDAQ,direct_public,merchant_level,afterpay; klarna; zip,3,confirmed_or_manually_mapped_public,https://investors.expediagroup.com/,2016/5/17,affirm,reported_partnership_announcement,medium_news_report,news_report,https://techcrunch.com/2016/05/17/affirm-is-partnering-with-expedia-and-eventbrite-so-you-can-pay-for-experiences-over-time/,TechCrunch reported Affirm announced Expedia and Eventbrite partnerships at Shoptalk; later official Affirm release references Expedia Group partnership since 2016.,2024/5/28,afterpay,https://www.afterpay.com/en-us/stores/expedia,http://web.archive.org/web/20240528161424/https://www.afterpay.com/en-US/stores/expedia,,"Do not use provider-directory date as formal adoption date unless cross-validated with merchant page, press release, or Wayback official-page evidence. Manual evidence: affirm 2016-05-17 reported_partnership_announcement [medium_news_report]: https://techcrunch.com/2016/05/17/affirm-is-partnering-with-expedia-and-eventbrite-so-you-can-pay-for-experiences-over-time/"
finishline,FinishLine,JD Sports Fashion plc,JD.L,London Stock Exchange,subsidiary_of_public,parent_level,afterpay; klarna; zip,3,confirmed_or_manually_mapped_public,https://stores.finishline.com/ca/burbank/burbank-town-center.html; https://stores.finishline.com/ca/; https://www.jdsportsfashion.com/investors/,2024/11/26,affirm,official_partnership_announcement,medium_provider_release,provider_press_release,https://investors.affirm.com/news-releases/news-release-details/jd-sports-partners-affirm-offer-flexible-payment-options-just/,Affirm announced JD Sports and Finish Line partnership for U.S. stores and Affirm app shopping.,2021/6/14,afterpay,https://www.afterpay.com/en-us/stores/finish-line,http://web.archive.org/web/20210614115948/https://www.afterpay.com/en-US/stores/finish-line,,"Do not use provider-directory date as formal adoption date unless cross-validated with merchant page, press release, or Wayback official-page evidence. Manual evidence: affirm 2024-11-26 official_partnership_announcement [medium_provider_release]: https://investors.affirm.com/news-releases/news-release-details/jd-sports-partners-affirm-offer-flexible-payment-options-just/"
hotelscom,Hotels.com,"Expedia Group, Inc.",EXPE,NASDAQ,subsidiary_of_public,parent_level,affirm; klarna; zip,3,confirmed_or_manually_mapped_public,https://www.hotels.com/lp/hotel-deals/ms-b-hotel-hcom-us-affirm-vacation-packages-25; https://www.trumphotels.com/; https://investors.expediagroup.com/,2024/8/20,affirm,official_adoption_announcement,strong,provider_press_release,https://investors.affirm.com/news-releases/news-release-details/hotelscom-partners-affirm-bring-guests-flexible-way-book-trips/,Affirm announced Hotels.com guests could book accommodations and pay over time with Affirm.,2021/9/27,zip,https://zip.co/us/store/hotels-com,http://web.archive.org/web/20210927204301/https://zip.co/us/store/hotels-com,,"Do not use provider-directory date as formal adoption date unless cross-validated with merchant page, press release, or Wayback official-page evidence. Manual evidence: affirm 2024-08-20 official_adoption_announcement [strong]: https://investors.affirm.com/news-releases/news-release-details/hotelscom-partners-affirm-bring-guests-flexible-way-book-trips/"
instacart,Instacart,Maplebear Inc.,CART,NASDAQ,direct_public,merchant_level,affirm; klarna; zip,3,confirmed_or_manually_mapped_public,https://www.instacart.com/; https://investors.instacart.com/,2023/11/20,klarna,official_adoption_announcement,strong,merchant_company_blog,https://company.instacart.com/enterprise-blog/instacart-and-klarna-partner-to-offer-consumers-more-flexible-ways-to-pay,Instacart announced Klarna Pay in 4 could be selected at checkout beginning that day.,2021/9/23,zip,https://zip.co/us/store/instacart,http://web.archive.org/web/20210923075142/https://zip.co/us/store/instacart,,"Do not use provider-directory date as formal adoption date unless cross-validated with merchant page, press release, or Wayback official-page evidence. Manual evidence: klarna 2023-11-20 official_adoption_announcement [strong]: https://company.instacart.com/enterprise-blog/instacart-and-klarna-partner-to-offer-consumers-more-flexible-ways-to-pay"
princesspolly,PrincessPolly,a.k.a. Brands Holding Corp.,AKA,NYSE,subsidiary_of_public,parent_level,afterpay; clearpay; zip,3,confirmed_or_manually_mapped_public,https://investors.aka-brands.com/,2019/9/23,afterpay,first_observed_official_page,strong_wayback_official_page,wayback_official_payment_page,https://web.archive.org/web/20190923133615/https://www.princesspolly.com.au/pages/afterpay,"Wayback snapshot of Princess Polly official AU Afterpay page shows four interest-free payments over eight weeks; note says Afterpay was available in Australia and New Zealand on the AUS store, so use with region caution.",2021/6/14,afterpay,https://www.afterpay.com/en-us/stores/princess-polly-53945,http://web.archive.org/web/20210614111458/https://www.afterpay.com/en-US/stores/princess-polly-53945,,"Do not use provider-directory date as formal adoption date unless cross-validated with merchant page, press release, or Wayback official-page evidence. Manual evidence: afterpay 2019-09-23 first_observed_official_page [strong_wayback_official_page]: https://web.archive.org/web/20190923133615/https://www.princesspolly.com.au/pages/afterpay"
samsclub,Sam'sClub,Walmart Inc.,WMT,NYSE,subsidiary_of_public,parent_level,afterpay; klarna; zip,3,confirmed_or_manually_mapped_public,https://www.samsclub.com/b/members-mark-top-rated-items/17080490; https://www.samsclub.com/are-you-human; https://stock.walmart.com/,,,,,,,,2024/12/18,klarna,https://www.klarna.com/us/store/b0bcf9b1-6ea3-44d1-ac4f-44829c4a02c2/sam-s-club/pay-with-klarna/,http://web.archive.org/web/20241218173901/https://www.klarna.com/us/store/b0bcf9b1-6ea3-44d1-ac4f-44829c4a02c2/Sam-s-Club/pay-with-klarna/,,"Do not use provider-directory date as formal adoption date unless cross-validated with merchant page, press release, or Wayback official-page evidence."
temu,Temu,PDD Holdings Inc.,PDD,NASDAQ,subsidiary_of_public,parent_level,afterpay; clearpay; zip,3,confirmed_or_manually_mapped_public,https://investor.pddholdings.com/,,,,,,,,2024/4/25,zip,https://zip.co/us/store/temu,http://web.archive.org/web/20240425112915/https://zip.co/us/store/temu,,"Do not use provider-directory date as formal adoption date unless cross-validated with merchant page, press release, or Wayback official-page evidence."
thehomedepot,TheHomeDepot,"The Home Depot, Inc.",HD,NYSE,direct_public,merchant_level,afterpay; klarna; zip,3,confirmed_or_manually_mapped_public,https://stores.homedepot.ca/; https://ir.homedepot.com/,,,,,,,,2024/5/28,afterpay,https://www.afterpay.com/en-us/stores/home-depot,http://web.archive.org/web/20240528173651/https://www.afterpay.com/en-US/stores/home-depot,,"Do not use provider-directory date as formal adoption date unless cross-validated with merchant page, press release, or Wayback official-page evidence."
ticketmaster,Ticketmaster,"Live Nation Entertainment, Inc.",LYV,NYSE,subsidiary_of_public,parent_level,affirm; klarna; zip,3,confirmed_or_manually_mapped_public,https://www.ticketmaster.com/; https://investors.livenationentertainment.com/,2023/5/31,klarna,first_observed_official_page,strong_wayback_official_page,wayback_official_help_page,http://web.archive.org/web/20230531044900/https://help.ticketmaster.com/hc/en-us/articles/9754255907473-Klarna-Everything-you-need-to-know,Wayback snapshot of Ticketmaster official Klarna help page shows Klarna payment information.,2025/1/14,klarna,https://www.klarna.com/us/store/93242bd2-e2e7-4e18-b212-70da9b576cda/ticketmaster/pay-with-klarna/,http://web.archive.org/web/20250114142524/https://www.klarna.com/us/store/93242bd2-e2e7-4e18-b212-70da9b576cda/Ticketmaster/pay-with-klarna/,,"Do not use provider-directory date as formal adoption date unless cross-validated with merchant page, press release, or Wayback official-page evidence. Manual evidence: klarna 2023-05-31 first_observed_official_page [strong_wayback_official_page]: http://web.archive.org/web/20230531044900/https://help.ticketmaster.com/hc/en-us/articles/9754255907473-Klarna-Everything-you-need-to-know"
walmart,Walmart,Walmart Inc.,WMT,NASDAQ,direct_public,merchant_level,afterpay; klarna; zip,3,auto_public_match_needs_light_review,https://www.walmart.com/; https://finance.yahoo.com/quote/WMT,2019/2/27,affirm,official_adoption_started,strong,provider_press_release,https://investors.affirm.com/news-releases/news-release-details/affirm-and-walmart-announce-omnichannel-partnership/,"Affirm announced Walmart shoppers could use Affirm in stores, with Walmart.com integration planned over the following weeks.",2021/9/23,zip,https://zip.co/us/store/walmart,http://web.archive.org/web/20210923081837/https://zip.co/us/store/walmart,,"Do not use provider-directory date as formal adoption date unless cross-validated with merchant page, press release, or Wayback official-page evidence. Manual evidence: affirm 2019-02-27 official_adoption_started [strong]: https://investors.affirm.com/news-releases/news-release-details/affirm-and-walmart-announce-omnichannel-partnership/"
wayfair,Wayfair,Wayfair Inc.,W,NYSE,direct_public,merchant_level,afterpay; klarna; zip,3,auto_public_match_needs_light_review,https://www.wayfair.com/; https://finance.yahoo.com/quote/W,,,,,,,,2025/1/14,klarna,https://www.klarna.com/us/store/4f108c95-5ee3-457b-a8c2-ca29a2a8ba0d/wayfair/pay-with-klarna/,http://web.archive.org/web/20250114131036/https://www.klarna.com/us/store/4f108c95-5ee3-457b-a8c2-ca29a2a8ba0d/Wayfair/pay-with-klarna/,,"Do not use provider-directory date as formal adoption date unless cross-validated with merchant page, press release, or Wayback official-page evidence. Manual evidence: affirm 2025-10-21 expansion_not_initial [expansion_not_initial]: https://investors.affirm.com/news-releases/news-release-details/affirm-expands-long-standing-partnership-wayfair/"
academysportsoutdoors,academysportsoutdoors,"Academy Sports and Outdoors, Inc.",ASO,NASDAQ,direct_public,merchant_level,affirm; klarna; zip,3,confirmed_or_manually_mapped_public,https://www.academy.com/; https://investors.academy.com/,2025/7/22,klarna_sezzle,first_observed_official_page,strong_wayback_official_page,wayback_official_payment_page,http://web.archive.org/web/20250722133005/https://www.academy.com/help/buy-now-pay-later,"Wayback snapshot of Academy official BNPL help page shows Buy Now, Pay Later options.",2021/9/27,zip,https://zip.co/us/store/academy-sports-outdoors,http://web.archive.org/web/20210927183745/https://zip.co/us/store/academy-sports-outdoors,,"Do not use provider-directory date as formal adoption date unless cross-validated with merchant page, press release, or Wayback official-page evidence. Manual evidence: klarna_sezzle 2025-07-22 first_observed_official_page [strong_wayback_official_page]: http://web.archive.org/web/20250722133005/https://www.academy.com/help/buy-now-pay-later"
airbnb,airbnb,"Airbnb, Inc.",ABNB,NASDAQ,direct_public,merchant_level,affirm; klarna; zip,3,auto_public_match_needs_light_review,https://www.airbnb.com/; https://finance.yahoo.com/quote/ABNB,2023/5/18,klarna,official_adoption_announcement,strong,provider_press_release,https://www.klarna.com/international/press/klarna-and-airbnb-offer-flexible-payments-for-guests/,Klarna announced Airbnb guests in the U.S. and Canada could use flexible payment options for bookings.,2021/9/20,zip,https://zip.co/us/store/airbnb,http://web.archive.org/web/20210920222557/https://zip.co/us/store/airbnb,,"Do not use provider-directory date as formal adoption date unless cross-validated with merchant page, press release, or Wayback official-page evidence. Manual evidence: klarna 2023-05-18 official_adoption_announcement [strong]: https://www.klarna.com/international/press/klarna-and-airbnb-offer-flexible-payments-for-guests/"
asos,asos,ASOS Plc,ASC.L,London Stock Exchange,direct_public,merchant_level,afterpay; clearpay; zip,3,confirmed_or_manually_mapped_public,https://www.asosplc.com/investors/,2019/12/16,clearpay,first_observed_official_page,strong_wayback_official_page,wayback_official_payment_page,https://web.archive.org/web/20191216175204/https://www.asos.com/payments-and-deliveries/clearpay/,Wayback snapshot of ASOS official Clearpay payment page shows customers could split ASOS purchases with Clearpay.,2020/8/5,clearpay,https://www.clearpay.co.uk/en-GB/stores/asos-20612,http://web.archive.org/web/20200805013135/https://www.clearpay.co.uk/en-GB/stores/asos-20612,,"Do not use provider-directory date as formal adoption date unless cross-validated with merchant page, press release, or Wayback official-page evidence. Manual evidence: clearpay 2019-12-16 first_observed_official_page [strong_wayback_official_page]: https://web.archive.org/web/20191216175204/https://www.asos.com/payments-and-deliveries/clearpay/"
bestbuy,bestbuy,"Best Buy Co., Inc.",BBY,NYSE,direct_public,merchant_level,affirm; klarna; zip,3,confirmed_or_manually_mapped_public,https://www.bestbuy.com/top-deals; https://www.bestbuy.com/; https://investors.bestbuy.com/,,,,,,,,2021/9/20,zip,https://zip.co/us/store/best-buy,http://web.archive.org/web/20210920232731/https://zip.co/us/store/best-buy,,"Do not use provider-directory date as formal adoption date unless cross-validated with merchant page, press release, or Wayback official-page evidence."
boohoo,boohoo,Boohoo Group plc,BOO.L,London Stock Exchange,direct_public,merchant_level,afterpay; clearpay; zip,3,confirmed_or_manually_mapped_public,https://www.boohooplc.com/investors/,2025/5/12,clearpay,first_observed_official_page,strong_wayback_official_page,wayback_official_payment_page,https://web.archive.org/web/20250512210107/https://www.boohoo.com/pages/informational/payments/clearpay,Wayback snapshot of boohoo official Clearpay payment information page; late official-page observation relative to weak provider-directory date.,2021/9/27,zip,https://zip.co/us/store/boohoo,http://web.archive.org/web/20210927201836/https://zip.co/us/store/boohoo,,"Do not use provider-directory date as formal adoption date unless cross-validated with merchant page, press release, or Wayback official-page evidence. Manual evidence: clearpay 2025-05-12 first_observed_official_page [strong_wayback_official_page]: https://web.archive.org/web/20250512210107/https://www.boohoo.com/pages/informational/payments/clearpay"
chewy,chewy,"Chewy, Inc.",CHWY,NYSE,direct_public,merchant_level,affirm; afterpay; zip,3,auto_public_match_needs_light_review,https://www.chewy.com/; https://finance.yahoo.com/quote/CHWY,,,,,,,,2021/9/20,zip,https://zip.co/us/store/chewy,http://web.archive.org/web/20210920230811/https://zip.co/us/store/chewy,,"Do not use provider-directory date as formal adoption date unless cross-validated with merchant page, press release, or Wayback official-page evidence."
coach,coach,Tapestry Inc.,TPR,NYSE,subsidiary_of_public,parent_level,afterpay; klarna; zip,3,confirmed_or_manually_mapped_public,https://www.tapestry.com/investors/,,,,,,,,2021/9/21,zip,https://zip.co/us/store/coach,http://web.archive.org/web/20210921001635/https://zip.co/us/store/coach,,"Do not use provider-directory date as formal adoption date unless cross-validated with merchant page, press release, or Wayback official-page evidence."
dsw,dsw,Designer Brands Inc.,DBI,NYSE,subsidiary_of_public,parent_level,affirm; afterpay; zip,3,confirmed_or_manually_mapped_public,https://www.dsw.com/; https://investors.designerbrands.com/,2020/10/13,afterpay,official_in_store_rollout,medium_provider_release,provider_press_release,https://www.prnewswire.com/news-releases/afterpay-offers-in-store-payment-solution-across-us-301150934.html,Afterpay PRNewswire release announced its U.S. in-store solution and listed select DSW stores among participating retailers.,2021/5/14,afterpay,https://www.afterpay.com/en-us/stores/dsw,http://web.archive.org/web/20210514200152/https://www.afterpay.com/en-US/stores/dsw,,"Do not use provider-directory date as formal adoption date unless cross-validated with merchant page, press release, or Wayback official-page evidence. Manual evidence: afterpay 2020-10-13 official_in_store_rollout [medium_provider_release]: https://www.prnewswire.com/news-releases/afterpay-offers-in-store-payment-solution-across-us-301150934.html"
ebay,eBay,eBay Inc.,EBAY,NASDAQ,direct_public,merchant_level,afterpay; klarna; zip,3,auto_public_match_needs_light_review,https://www.cnbcindonesia.com/tech/20190315155326-37-60967/yang-lain-sudah-unicorn-duet-e-bay-telkom-kok-masih-kecoa; https://finance.yahoo.com/quote/EBAY,2025/4/23,klarna,official_us_rollout,strong,merchant_press_release,https://www.ebayinc.com/stories/news/ebay-and-klarna-deepen-global-strategic-partnership-to-empower-flexible-shopping-in-the-us/,eBay announced Klarna flexible payment options rolling out to U.S. shoppers.,2021/9/21,zip,https://zip.co/us/store/ebay,http://web.archive.org/web/20210921001820/https://zip.co/us/store/ebay,,"Do not use provider-directory date as formal adoption date unless cross-validated with merchant page, press release, or Wayback official-page evidence. Manual evidence: klarna 2024-12-12 official_europe_rollout [strong_non_us]: https://www.klarna.com/international/press/ebay-and-klarna-expand-partnership-bringing-buy-now-pay-later-bnpl-to-new-markets/ | klarna 2025-04-23 official_us_rollout [strong]: https://www.ebayinc.com/stories/news/ebay-and-klarna-deepen-global-strategic-partnership-to-empower-flexible-shopping-in-the-us/"
esteelauder,esteelauder,The Estee Lauder Companies Inc.,EL,NYSE,direct_public,merchant_level,affirm; afterpay; zip,3,confirmed_or_manually_mapped_public,https://redirect.viglink.com/; https://www.elcompanies.com/en/investors,,,,,,,,2021/5/14,afterpay,https://www.afterpay.com/en-us/stores/estee-lauder-72703,http://web.archive.org/web/20210514202748/https://www.afterpay.com/en-US/stores/estee-lauder-72703,,"Do not use provider-directory date as formal adoption date unless cross-validated with merchant page, press release, or Wayback official-page evidence."
gap,gap,"The Gap, Inc.",GAP,NYSE,direct_public,merchant_level,affirm; afterpay; klarna,3,auto_public_match_needs_light_review,https://www.gap.com/; https://finance.yahoo.com/quote/GAP,2020/11/11,afterpay,official_online_checkout_adoption,strong,provider_press_release,https://www.prnewswire.com/news-releases/gap-inc-and-afterpay-announce-new-partnership-in-time-for-holiday-shopping-301170700.html,Afterpay announced Gap Inc. online shoppers could choose Afterpay at checkout across Gap portfolio brands.,2024/5/28,afterpay,https://www.afterpay.com/en-us/stores/gap,http://web.archive.org/web/20240528161932/https://www.afterpay.com/en-US/stores/gap,,"Do not use provider-directory date as formal adoption date unless cross-validated with merchant page, press release, or Wayback official-page evidence. Manual evidence: afterpay 2020-11-11 official_online_checkout_adoption [strong]: https://www.prnewswire.com/news-releases/gap-inc-and-afterpay-announce-new-partnership-in-time-for-holiday-shopping-301170700.html | klarna 2025-09-11 official_checkout_adoption_or_expansion [strong]: https://www.klarna.com/international/press/gap-inc-partners-with-klarna-to-offer-seamless-flexible-payments-across/"
kohls,kohls,Kohl's Corporation,KSS,NYSE,direct_public,merchant_level,afterpay; klarna; zip,3,auto_public_match_needs_light_review,https://kohlsbrnad.com/; https://finance.yahoo.com/quote/KSS,,,,,,,,2024/5/28,afterpay,https://www.afterpay.com/en-us/stores/kohl-s,http://web.archive.org/web/20240528163152/https://www.afterpay.com/en-US/stores/kohl-s,,"Do not use provider-directory date as formal adoption date unless cross-validated with merchant page, press release, or Wayback official-page evidence."
levis,levis,Levi Strauss & Co.,LEVI,NYSE,direct_public,merchant_level,affirm; afterpay; zip,3,confirmed_or_manually_mapped_public,https://www.levi.com/US/en_US/; https://www.levistrauss.com/investors/,2019/6/11,afterpay,reported_afterpay_partnership,medium_news_report,news_report,https://www.retaildive.com/news/afterpay-brings-payment-installments-to-levis-ray-ban/556464/,Retail Dive reported Afterpay brought installment payments to Levi's and Ray-Ban.,2021/5/14,afterpay,https://www.afterpay.com/en-us/stores/levi-s-03203,http://web.archive.org/web/20210514192500/https://www.afterpay.com/en-US/stores/levi-s-03203,,"Do not use provider-directory date as formal adoption date unless cross-validated with merchant page, press release, or Wayback official-page evidence. Manual evidence: afterpay 2019-06-11 reported_afterpay_partnership [medium_news_report]: https://www.retaildive.com/news/afterpay-brings-payment-installments-to-levis-ray-ban/556464/"
macys,macys,"Macy's, Inc.",M,NYSE,direct_public,merchant_level,affirm; klarna; zip,3,auto_public_match_needs_light_review,https://www.macys.com/; https://finance.yahoo.com/quote/M,2020/10/6,klarna,official_online_checkout_adoption,strong,provider_press_release,https://www.klarna.com/international/press/macys-and-klarna-announce-new-five-year-partnership-to-provide-more-payment-options/,Klarna and Macy's announced Pay in 4 at online checkout.,2021/9/21,zip,https://zip.co/us/store/macys,http://web.archive.org/web/20210921001413/https://zip.co/us/store/macys,,"Do not use provider-directory date as formal adoption date unless cross-validated with merchant page, press release, or Wayback official-page evidence. Manual evidence: klarna 2020-10-06 official_online_checkout_adoption [strong]: https://www.klarna.com/international/press/macys-and-klarna-announce-new-five-year-partnership-to-provide-more-payment-options/ | klarna 2021-05-03 in_store_expansion [expansion_not_initial]: https://www.klarna.com/international/press/macys-inc-exclusively-partners-with-klarna-to-offer-pay-in-four-services-in-750-stores-nationwide/"
michaelkors,michaelkors,Capri Holdings Limited,CPRI,NYSE,subsidiary_of_public,parent_level,afterpay; klarna; zip,3,confirmed_or_manually_mapped_public,https://www.capriholdings.com/investors/,2023/10/1,afterpay_klarna,first_observed_official_page,strong_wayback_official_page,wayback_official_payment_page,https://web.archive.org/web/20231001181422/https://www.michaelkors.com/info/payment-policy.html,Wayback snapshot of Michael Kors official payment policy lists Afterpay and Klarna among accepted online payment options.,2021/9/27,zip,https://zip.co/us/store/michael-kors,http://web.archive.org/web/20210927191927/https://zip.co/us/store/michael-kors,,"Do not use provider-directory date as formal adoption date unless cross-validated with merchant page, press release, or Wayback official-page evidence. Manual evidence: afterpay_klarna 2023-10-01 first_observed_official_page [strong_wayback_official_page]: https://web.archive.org/web/20231001181422/https://www.michaelkors.com/info/payment-policy.html"
pandora,pandora,Pandora A/S,PNDORA.CO,Nasdaq Copenhagen,direct_public,merchant_level,afterpay; klarna; zip,3,confirmed_or_manually_mapped_public,https://investor.pandoragroup.com/,,,,,,,,2021/9/27,zip,https://zip.co/us/store/pandora,http://web.archive.org/web/20210927191637/https://zip.co/us/store/pandora,,"Do not use provider-directory date as formal adoption date unless cross-validated with merchant page, press release, or Wayback official-page evidence."
prettylittlething,prettylittlething,Boohoo Group plc,BOO.L,London Stock Exchange,subsidiary_of_public,parent_level,afterpay; clearpay; zip,3,confirmed_or_manually_mapped_public,https://www.boohooplc.com/investors/,2026/3/6,afterpay,first_observed_official_page,strong_wayback_official_page,wayback_official_payment_page,https://web.archive.org/web/20260306052640/https://www.prettylittlething.us/pages/informational/payments/afterpay,Wayback snapshot of PrettyLittleThing USA official Afterpay payment page; late official-page observation relative to weak provider-directory date.,2020/9/23,clearpay,https://www.clearpay.co.uk/en-GB/stores/pretty-little-thing,http://web.archive.org/web/20200923000939/https://www.clearpay.co.uk/en-GB/stores/pretty-little-thing,,"Do not use provider-directory date as formal adoption date unless cross-validated with merchant page, press release, or Wayback official-page evidence. Manual evidence: afterpay 2026-03-06 first_observed_official_page [strong_wayback_official_page]: https://web.archive.org/web/20260306052640/https://www.prettylittlething.us/pages/informational/payments/afterpay"
target,target,Target Corporation,TGT,NYSE,direct_public,merchant_level,afterpay; klarna; zip,3,auto_public_match_needs_light_review,https://www.target.com/c/hearth-hand-with-magnolia/-/N-4k98u; https://finance.yahoo.com/quote/TGT,2021/10/6,affirm_sezzle,official_adoption_announcement,strong,merchant_press_article,https://corporate.target.com/news-features/article/2021/10/buy-now-pay-later,Target announced BNPL options with Affirm and Sezzle for holiday shopping.,2021/9/23,zip,https://zip.co/us/store/target,http://web.archive.org/web/20210923080451/https://zip.co/us/store/target,,"Do not use provider-directory date as formal adoption date unless cross-validated with merchant page, press release, or Wayback official-page evidence. Manual evidence: affirm_sezzle 2021-10-06 official_adoption_announcement [strong]: https://corporate.target.com/news-features/article/2021/10/buy-now-pay-later"
urbanoutfitters,urbanoutfitters,"Urban Outfitters, Inc.",URBN,NASDAQ,subsidiary_of_public,parent_level,afterpay; clearpay; zip,3,confirmed_or_manually_mapped_public,https://www.urbn.com/investor-relations,2022/5/17,klarna,us_expansion_report,medium_news_report,news_report,https://www.pymnts.com/bnpl/2022/klarna-expands-urban-outfitters-anthropologie-partnership-to-us/,PYMNTS reported Klarna expanded Pay in 4 online to Urban Outfitters and Anthropologie banners in the U.S.,2020/9/22,clearpay,https://www.clearpay.co.uk/en-GB/stores/urban-outfitters,http://web.archive.org/web/20200922233736/https://www.clearpay.co.uk/en-GB/stores/urban-outfitters,,"Do not use provider-directory date as formal adoption date unless cross-validated with merchant page, press release, or Wayback official-page evidence. Manual evidence: klarna 2020-11-18 official_europe_online_checkout_adoption [strong_non_us]: https://www.klarna.com/international/press/urban-outfitters-and-anthropologie-partners-with-klarna-ahead-of-peak/ | klarna 2022-05-17 us_expansion_report [medium_news_report]: https://www.pymnts.com/bnpl/2022/klarna-expands-urban-outfitters-anthropologie-partnership-to-us/"
1800flowers,1800flowers,"1-800-FLOWERS.COM, Inc.",FLWS,NASDAQ,direct_public,merchant_level,afterpay; zip,2,confirmed_or_manually_mapped_public,https://investors.1800flowers.com/,2022/1/20,klarna,official_adoption_announcement,strong,merchant_press_release,https://www.1800flowersinc.com/news-and-media/newsroom/press-releases/2022/01-20-2022-130356804,"1-800-FLOWERS.COM press release announced customers could now check out with Klarna as a Buy Now, Pay Later option.",2021/9/21,zip,https://zip.co/us/store/1-800-flowers,http://web.archive.org/web/20210921001010/https://zip.co/us/store/1-800-flowers,,"Do not use provider-directory date as formal adoption date unless cross-validated with merchant page, press release, or Wayback official-page evidence. Manual evidence: klarna 2022-01-20 official_adoption_announcement [strong]: https://www.1800flowersinc.com/news-and-media/newsroom/press-releases/2022/01-20-2022-130356804"
atandt,AT&T,AT&T Inc.,T,NYSE,direct_public,merchant_level,klarna; zip,2,auto_public_match_needs_light_review,https://therelaunchpad.com/companies/does-at-and-t-hire-felons/; https://finance.yahoo.com/quote/T,,,,,,,,2021/9/27,zip,https://zip.co/us/store/at-t,http://web.archive.org/web/20210927200633/https://zip.co/us/store/at-t,,"Do not use provider-directory date as formal adoption date unless cross-validated with merchant page, press release, or Wayback official-page evidence."
bhldn,BHLDN,"Urban Outfitters, Inc.",URBN,NASDAQ,subsidiary_of_public,parent_level,afterpay; zip,2,confirmed_or_manually_mapped_public,https://www.urbn.com/investor-relations,2022/5/17,klarna,us_expansion_report,medium_news_report,news_report,https://www.pymnts.com/bnpl/2022/klarna-expands-urban-outfitters-anthropologie-partnership-to-us/,PYMNTS reported the U.S. Klarna expansion covered items from BHLDN among URBN banners.,2021/5/14,afterpay,https://www.afterpay.com/en-us/stores/bhldn,http://web.archive.org/web/20210514202821/https://www.afterpay.com/en-US/stores/bhldn,,"Do not use provider-directory date as formal adoption date unless cross-validated with merchant page, press release, or Wayback official-page evidence. Manual evidence: klarna 2022-05-17 us_expansion_report [medium_news_report]: https://www.pymnts.com/bnpl/2022/klarna-expands-urban-outfitters-anthropologie-partnership-to-us/"
bathandbodyworks,Bath&BodyWorks,"Bath & Body Works, Inc.",BBWI,NYSE,direct_public,merchant_level,klarna; zip,2,confirmed_or_manually_mapped_public,https://www.bathandbodyworks.com.my/; https://www.bbwinc.com/investors/,,,,,,,,2021/9/27,zip,https://zip.co/us/store/bath-body-works,http://web.archive.org/web/20210927202037/https://zip.co/us/store/bath-body-works,,"Do not use provider-directory date as formal adoption date unless cross-validated with merchant page, press release, or Wayback official-page evidence."
bookingcom,Booking.com,Booking Holdings Inc.,BKNG,NASDAQ,subsidiary_of_public,parent_level,klarna; zip,2,confirmed_or_manually_mapped_public,https://www.booking.com/; https://www.bookingholdings.com/investors/,,,,,,,,2022/5/28,zip,https://zip.co/us/store/booking-com,http://web.archive.org/web/20220528005105/https://zip.co/us/store/booking-com,,"Do not use provider-directory date as formal adoption date unless cross-validated with merchant page, press release, or Wayback official-page evidence."
cettire,Cettire,Cettire Limited,CTT.AX,Australian,direct_public,merchant_level,afterpay; zip,2,auto_public_match_needs_light_review,https://finance.yahoo.com/quote/CTT.AX,,,,,,,,2024/5/28,afterpay,https://www.afterpay.com/en-us/stores/cettire-37937,http://web.archive.org/web/20240528180506/https://www.afterpay.com/en-US/stores/cettire-37937,,"Do not use provider-directory date as formal adoption date unless cross-validated with merchant page, press release, or Wayback official-page evidence."
clinique,Clinique,The Estee Lauder Companies Inc.,EL,NYSE,subsidiary_of_public,parent_level,afterpay; zip,2,confirmed_or_manually_mapped_public,https://www.elcompanies.com/en/investors,2019/10/14,afterpay,first_observed_official_page,strong_wayback_official_page,wayback_official_payment_page,https://web.archive.org/web/20191014125226/https://www.clinique.com/afterpay,Wayback snapshot of Clinique official Afterpay page shows Afterpay payment information.,2021/9/22,zip,https://zip.co/us/store/clinique,http://web.archive.org/web/20210922021427/https://zip.co/us/store/clinique,,"Do not use provider-directory date as formal adoption date unless cross-validated with merchant page, press release, or Wayback official-page evidence. Manual evidence: afterpay 2019-10-14 first_observed_official_page [strong_wayback_official_page]: https://web.archive.org/web/20191014125226/https://www.clinique.com/afterpay"
dtlr,DTLR,JD Sports Fashion plc,JD.L,London Stock Exchange,subsidiary_of_public,parent_level,afterpay; zip,2,confirmed_or_manually_mapped_public,https://www.jdsportsfashion.com/investors/,,,,,,,,2022/5/21,zip,https://zip.co/us/store/dtlr-villa,http://web.archive.org/web/20220521125130/https://zip.co/us/store/dtlr-villa,,"Do not use provider-directory date as formal adoption date unless cross-validated with merchant page, press release, or Wayback official-page evidence."
dermalogica,Dermalogica,Unilever PLC,UL,NYSE ADR,subsidiary_of_public,parent_level,affirm; afterpay,2,confirmed_or_manually_mapped_public,https://www.dermalogica.com/; https://www.unilever.com/investors/,2020/10/21,afterpay,first_observed_official_page,strong_wayback_official_page,wayback_official_help_page,https://web.archive.org/web/20201021044044/https://www.dermalogica.com/pages/contact-us,Wayback snapshot of Dermalogica official contact/payment help page shows Afterpay checkout instructions and four-installment language.,2021/5/14,afterpay,https://www.afterpay.com/en-us/stores/dermalogica-78927,http://web.archive.org/web/20210514204430/https://www.afterpay.com/en-US/stores/dermalogica-78927,,"Do not use provider-directory date as formal adoption date unless cross-validated with merchant page, press release, or Wayback official-page evidence. Manual evidence: afterpay 2020-10-21 first_observed_official_page [strong_wayback_official_page]: https://web.archive.org/web/20201021044044/https://www.dermalogica.com/pages/contact-us"
eyebuydirect,EyeBuyDirect,EssilorLuxottica SA,EL.PA,Euronext Paris,subsidiary_of_public,parent_level,afterpay; zip,2,confirmed_or_manually_mapped_public,https://www.essilorluxottica.com/investors/,2022/2/22,afterpay,official_partnership_announcement,strong,merchant_press_release,https://www.prnewswire.com/news-releases/eyebuydirect-and-afterpay-partner-to-offer-buy-now-pay-later-payments-301486590.html,EyeBuyDirect PRNewswire release announced an Afterpay partnership and said customers could select Afterpay at checkout.,2022/5/18,afterpay,https://www.afterpay.com/en-us/stores/eyebuydirect,http://web.archive.org/web/20220518201144/https://www.afterpay.com/en-US/stores/eyebuydirect,,"Do not use provider-directory date as formal adoption date unless cross-validated with merchant page, press release, or Wayback official-page evidence. Manual evidence: afterpay 2022-02-22 official_partnership_announcement [strong]: https://www.prnewswire.com/news-releases/eyebuydirect-and-afterpay-partner-to-offer-buy-now-pay-later-payments-301486590.html"
funko,Funko,"Funko, Inc.",FNKO,NASDAQ,direct_public,merchant_level,afterpay; zip,2,auto_public_match_needs_light_review,https://finance.yahoo.com/quote/FNKO,,,,,,,,2022/5/18,afterpay,https://www.afterpay.com/en-us/stores/funko,http://web.archive.org/web/20220518224122/https://www.afterpay.com/en-US/stores/funko,,"Do not use provider-directory date as formal adoption date unless cross-validated with merchant page, press release, or Wayback official-page evidence."
nintendo,Nintendo,"Nintendo Co., Ltd.",7974.T,Tokyo Stock Exchange,direct_public,merchant_level,affirm; zip,2,auto_public_match_needs_light_review,https://www.nintendo.com/; https://www.nintendo.com/us/; https://finance.yahoo.com/quote/7974.T,,,,,,,,2022/5/21,zip,https://zip.co/us/store/nintendo,http://web.archive.org/web/20220521015138/https://zip.co/us/store/nintendo,,"Do not use provider-directory date as formal adoption date unless cross-validated with merchant page, press release, or Wayback official-page evidence."
puma,Puma,PUMA SE,PUM.SW,Swiss,direct_public,merchant_level,afterpay; zip,2,auto_public_match_needs_light_review,https://finance.yahoo.com/quote/PUM.SW,2025/12/19,afterpay,first_observed_official_page,strong_wayback_official_page,wayback_official_payment_page,https://web.archive.org/web/20251219031548/https://help.us.puma.com/hc/en-us/articles/38821030312347-Payment-Options,Wayback snapshot of PUMA US official payment-options page lists Afterpay and says shop now and pay later with Afterpay; late official-page observation relative to weak provider-directory date.,2021/9/22,zip,https://zip.co/us/store/puma,http://web.archive.org/web/20210922032701/https://zip.co/us/store/puma,,"Do not use provider-directory date as formal adoption date unless cross-validated with merchant page, press release, or Wayback official-page evidence. Manual evidence: afterpay 2025-12-19 first_observed_official_page [strong_wayback_official_page]: https://web.archive.org/web/20251219031548/https://help.us.puma.com/hc/en-us/articles/38821030312347-Payment-Options"
starbucks,Starbucks,Starbucks Corporation,SBUX,NASDAQ,direct_public,merchant_level,affirm; zip,2,auto_public_match_needs_light_review,https://starbucks.com/; https://www.starbucks.com/; https://finance.yahoo.com/quote/SBUX,,,,,,,,2021/12/5,zip,https://zip.co/us/store/starbucks,http://web.archive.org/web/20211205020734/https://zip.co/us/store/starbucks,,"Do not use provider-directory date as formal adoption date unless cross-validated with merchant page, press release, or Wayback official-page evidence."
tillys,Tillys,"Tilly's, Inc.",TLYS,NYSE,direct_public,merchant_level,afterpay; zip,2,auto_public_match_needs_light_review,https://finance.yahoo.com/quote/TLYS,,,,,,,,2022/5/24,zip,https://zip.co/us/store/tillys,http://web.archive.org/web/20220524222439/https://zip.co/us/store/tillys,,"Do not use provider-directory date as formal adoption date unless cross-validated with merchant page, press release, or Wayback official-page evidence."
aritzia,aritzia,Aritzia Inc.,ATZAF,OTC Markets,direct_public,merchant_level,affirm; zip,2,auto_public_match_needs_light_review,https://aritzia.com/us/en/default; https://finance.yahoo.com/quote/ATZAF,2020/11/26,afterpay,first_observed_official_page,strong_wayback_official_page,wayback_official_payment_page,https://web.archive.org/web/20201126122848/https://www.aritzia.com/us/en/afterpay,Wayback snapshot of Aritzia US official Afterpay page; page title and content identify Afterpay payment information.,2022/5/26,zip,https://zip.co/us/store/aritzia,http://web.archive.org/web/20220526074818/https://zip.co/us/store/aritzia,,"Do not use provider-directory date as formal adoption date unless cross-validated with merchant page, press release, or Wayback official-page evidence. Manual evidence: afterpay 2020-11-26 first_observed_official_page [strong_wayback_official_page]: https://web.archive.org/web/20201126122848/https://www.aritzia.com/us/en/afterpay"
asics,asics,ASICS Corporation,7936.T,Tokyo Stock Exchange,direct_public,merchant_level,affirm; zip,2,auto_public_match_needs_light_review,https://www.asics.com/us/en-us/; https://finance.yahoo.com/quote/7936.T,,,,,,,,,,,,cdx https://zip.co/us/store/asics: URLError: <urlopen error [Errno 54] Connection reset by peer>; availability https://zip.co/us/store/asics: TimeoutError: The read operation timed out,"Do not use provider-directory date as formal adoption date unless cross-validated with merchant page, press release, or Wayback official-page evidence."
autozone,autozone,"AutoZone, Inc.",AZO,NYSE,direct_public,merchant_level,klarna; zip,2,auto_public_match_needs_light_review,https://www.Answers.com/Q/Where_is_auto_zone_located; https://www.answers.com/auto-parts/Where_is_auto_zone_located; https://finance.yahoo.com/quote/AZO,,,,,,,,2025/2/16,klarna,https://www.klarna.com/us/store/c64234c9-c89f-4b4f-b7e4-5ea249f11431/autozone/pay-with-klarna/,http://web.archive.org/web/20250216104315/https://www.klarna.com/us/store/c64234c9-c89f-4b4f-b7e4-5ea249f11431/AutoZone/pay-with-klarna/,,"Do not use provider-directory date as formal adoption date unless cross-validated with merchant page, press release, or Wayback official-page evidence."
birkenstock,birkenstock,Birkenstock Holding plc,BIRK,NYSE,direct_public,merchant_level,afterpay; zip,2,auto_public_match_needs_light_review,https://finance.yahoo.com/quote/BIRK,2020/5/14,afterpay,first_observed_official_page,strong_wayback_official_page,wayback_official_payment_page,https://web.archive.org/web/20200514171230/https://www.birkenstock.com/us/learn-more/afterpay/,Wayback snapshot of Birkenstock US official Afterpay page shows Afterpay payment information.,2022/5/17,zip,https://zip.co/us/store/birkenstock,http://web.archive.org/web/20220517202837/https://zip.co/us/store/birkenstock,,"Do not use provider-directory date as formal adoption date unless cross-validated with merchant page, press release, or Wayback official-page evidence. Manual evidence: afterpay 2020-05-14 first_observed_official_page [strong_wayback_official_page]: https://web.archive.org/web/20200514171230/https://www.birkenstock.com/us/learn-more/afterpay/"
buckle,buckle,"The Buckle, Inc.",BKE,NYSE,direct_public,merchant_level,afterpay; zip,2,auto_public_match_needs_light_review,https://finance.yahoo.com/quote/BKE,,,,,,,,2021/12/4,zip,https://zip.co/us/store/buckle,http://web.archive.org/web/20211204230302/https://zip.co/us/store/buckle,,"Do not use provider-directory date as formal adoption date unless cross-validated with merchant page, press release, or Wayback official-page evidence."
carters,carters,"Carter's, Inc.",CRI,NYSE,direct_public,merchant_level,afterpay; zip,2,auto_public_match_needs_light_review,https://finance.yahoo.com/quote/CRI,,,,,,,,2021/9/22,zip,https://zip.co/us/store/carters,http://web.archive.org/web/20210922022742/https://zip.co/us/store/carters,,"Do not use provider-directory date as formal adoption date unless cross-validated with merchant page, press release, or Wayback official-page evidence."
crocs,crocs,"Crocs, Inc.",CROX,NASDAQ,direct_public,merchant_level,afterpay; zip,2,auto_public_match_needs_light_review,https://finance.yahoo.com/quote/CROX,2021/12/2,afterpay,first_observed_official_page,strong_wayback_official_page,wayback_official_help_page,https://web.archive.org/web/20211202192846/https://www.crocs.com/customer-service/faqs/faq-cs-afterpay.html,"Wayback snapshot of Crocs official Afterpay FAQ page; Afterpay also described 2020 Crocs partnership in provider success-story materials, but this row uses official-page first observation.",2021/9/27,zip,https://zip.co/us/store/crocs,http://web.archive.org/web/20210927203533/https://zip.co/us/store/crocs,,"Do not use provider-directory date as formal adoption date unless cross-validated with merchant page, press release, or Wayback official-page evidence. Manual evidence: afterpay 2021-12-02 first_observed_official_page [strong_wayback_official_page]: https://web.archive.org/web/20211202192846/https://www.crocs.com/customer-service/faqs/faq-cs-afterpay.html"
dillards,dillards,"Dillard's, Inc.",DDS,NYSE,direct_public,merchant_level,afterpay; zip,2,auto_public_match_needs_light_review,https://finance.yahoo.com/quote/DDS,,,,,,,,,,,,cdx https://www.afterpay.com/en-us/stores/dillard-s: URLError: <urlopen error [Errno 54] Connection reset by peer>; availability https://www.afterpay.com/en-us/stores/dillard-s: TimeoutError: The read operation timed out; cdx https://zip.co/us/store/dillards: URLError: <urlopen error [Errno 54] Connection reset by peer>; availability https://zip.co/us/store/dillards: TimeoutError: The read operation timed out,"Do not use provider-directory date as formal adoption date unless cross-validated with merchant page, press release, or Wayback official-page evidence."
doordash,doordash,"DoorDash, Inc.",DASH,NASDAQ,direct_public,merchant_level,klarna; zip,2,auto_public_match_needs_light_review,https://www.doordash.com/; https://finance.yahoo.com/quote/DASH,,,,,,,,2021/9/20,zip,https://zip.co/us/store/doordash,http://web.archive.org/web/20210920232452/https://zip.co/us/store/doordash,,"Do not use provider-directory date as formal adoption date unless cross-validated with merchant page, press release, or Wayback official-page evidence. Manual evidence: klarna 2025-03-20 planned_adoption_announcement [planned_not_final_adoption]: https://about.doordash.com/en-us/news/doordash-partners-with-klarna"
groupon,groupon,"Groupon, Inc.",GRPN,NASDAQ,direct_public,merchant_level,klarna; zip,2,auto_public_match_needs_light_review,https://www.groupon.com/; https://finance.yahoo.com/quote/GRPN,,,,,,,,2022/1/14,zip,https://zip.co/us/store/groupon,http://web.archive.org/web/20220114125841/https://zip.co/us/store/groupon,,"Do not use provider-directory date as formal adoption date unless cross-validated with merchant page, press release, or Wayback official-page evidence."
mercari,mercari,"Mercari, Inc.",4385.T,Tokyo Stock Exchange,direct_public,merchant_level,affirm; zip,2,auto_public_match_needs_light_review,https://www.mercari.com/; https://finance.yahoo.com/quote/4385.T,,,,,,,,2021/10/24,zip,https://zip.co/us/store/mercari,http://web.archive.org/web/20211024211037/https://zip.co/us/store/mercari,,"Do not use provider-directory date as formal adoption date unless cross-validated with merchant page, press release, or Wayback official-page evidence."
sonos,sonos,"Sonos, Inc.",SONO,NASDAQ,direct_public,merchant_level,affirm; zip,2,auto_public_match_needs_light_review,https://www.sonos.com/en-us/shop; https://finance.yahoo.com/quote/SONO,,,,,,,,2022/5/26,zip,https://zip.co/us/store/sonos,http://web.archive.org/web/20220526134426/https://zip.co/us/store/sonos,,"Do not use provider-directory date as formal adoption date unless cross-validated with merchant page, press release, or Wayback official-page evidence."
stubhub,stubhub,"StubHub Holdings, Inc.",STUB,NYSE,direct_public,merchant_level,klarna; zip,2,auto_public_match_needs_light_review,https://www.stubhub.com/; https://finance.yahoo.com/quote/STUB,,,,,,,,2021/9/20,zip,https://zip.co/us/store/stubhub,http://web.archive.org/web/20210920233715/https://zip.co/us/store/stubhub,,"Do not use provider-directory date as formal adoption date unless cross-validated with merchant page, press release, or Wayback official-page evidence."
uniqlo,uniqlo,"Fast Retailing Co., Ltd.",9983.T,Tokyo Stock Exchange,subsidiary_of_public,parent_level,affirm; zip,2,confirmed_or_manually_mapped_public,https://www.uniqlo.com/us/en/; https://www.fastretailing.com/eng/group/strategy/uniqlo.html,,,,,,,,2021/9/20,zip,https://zip.co/us/store/uniqlo,http://web.archive.org/web/20210920225247/https://zip.co/us/store/uniqlo,,"Do not use provider-directory date as formal adoption date unless cross-validated with merchant page, press release, or Wayback official-page evidence."
fila,Fila,FILA Holdings Corp.,081660.KS,Korea Exchange,subsidiary_of_public,parent_level,zip,1,confirmed_or_manually_mapped_public,https://www.filaholdings.com/,,,,,,,,2022/5/24,zip,https://zip.co/us/store/fila,http://web.archive.org/web/20220524213716/https://zip.co/us/store/fila,,"Do not use provider-directory date as formal adoption date unless cross-validated with merchant page, press release, or Wayback official-page evidence."
graco,Graco,Newell Brands Inc.,NWL,NASDAQ,subsidiary_of_public,parent_level,zip,1,confirmed_or_manually_mapped_public,https://www.newellbrands.com/our-brands/graco,,,,,,,,2021/9/22,zip,https://zip.co/us/store/graco,http://web.archive.org/web/20210922015337/https://zip.co/us/store/graco,,"Do not use provider-directory date as formal adoption date unless cross-validated with merchant page, press release, or Wayback official-page evidence."
smith,Smith,Safilo Group S.p.A.,SFL.MI,Borsa Italiana,subsidiary_of_public,parent_level,zip,1,confirmed_or_manually_mapped_public,https://www.safilogroup.com/en/brands/smith,,,,,,,,,,,,cdx https://zip.co/us/store/smith: URLError: <urlopen error [Errno 54] Connection reset by peer>; availability https://zip.co/us/store/smith: HTTPError: HTTP Error 429: Too Many Requests,"Do not use provider-directory date as formal adoption date unless cross-validated with merchant page, press release, or Wayback official-page evidence."
kayak,kayak,Booking Holdings Inc.,BKNG,NASDAQ,subsidiary_of_public,parent_level,zip,1,confirmed_or_manually_mapped_public,https://www.bookingholdings.com/brands/,,,,,,,,,,,,cdx https://zip.co/us/store/kayak: URLError: <urlopen error [Errno 54] Connection reset by peer>; availability https://zip.co/us/store/kayak: HTTPError: HTTP Error 429: Too Many Requests,"Do not use provider-directory date as formal adoption date unless cross-validated with merchant page, press release, or Wayback official-page evidence."